City_ID,City,Lat,Lng,Max Temp,Humidity,Cloudiness,Wind Speed,Country,Date
0,invercargill,-46.4,168.35,12.79,63,100,1.79,NZ,1731958536
1,college,64.8569,-147.8028,-21.03,77,75,0.0,US,1731958538
2,talnakh,69.4865,88.3972,-8.56,96,100,0.94,RU,1731958539
3,thompson,55.7435,-97.8558,0.09,93,100,1.03,CA,1731958540
4,edinburgh of the seven seas,-37.0676,-12.3116,14.14,74,12,8.43,SH,1731958541
5,acapulco de juarez,16.8634,-99.8901,29.9,66,100,3.09,MX,1731958542
6,hobyo,5.3505,48.5268,26.8,80,59,5.57,SO,1731958543
7,waitangi,-43.9535,-176.5597,13.23,83,45,4.92,NZ,1731958544
8,blackmans bay,-43.0167,147.3167,6.96,77,8,1.54,AU,1731958546
9,isafjordur,66.0755,-23.124,-6.58,69,100,8.12,IS,1731958547
10,ola,59.5833,151.2833,-3.55,82,100,4.95,RU,1731958548
11,port-aux-francais,-49.35,70.2167,3.97,73,65,12.66,TF,1731958549
12,hadibu,12.65,54.0333,25.66,74,100,4.77,YE,1731958550
13,albany,42.6001,-73.9662,13.21,53,4,2.24,US,1731958551
14,puerto baquerizo moreno,-0.9,-89.6,26.55,50,20,6.17,EC,1731958552
15,mokhsogollokh,61.4681,128.9203,-20.22,99,100,1.41,RU,1731958554
16,ilulissat,69.2167,-51.1,-6.99,38,0,1.03,GL,1731958555
17,ushuaia,-54.8,-68.3,13.81,47,0,3.6,AR,1731958556
18,gadzhiyevo,69.2551,33.3362,1.24,74,100,6.07,RU,1731958557
19,bilibino,68.0546,166.4372,-18.11,93,100,2.02,RU,1731958558
20,anavyssos,37.7333,23.95,15.02,75,0,1.27,GR,1731958559
21,dunedin,-45.8742,170.5036,14.89,85,92,0.45,NZ,1731958560
22,lihue,21.9789,-159.3672,23.77,83,100,8.23,US,1731958561
23,ribeira grande,38.5167,-28.7,18.22,82,75,4.92,PT,1731958563
24,puerto natales,-51.7236,-72.4875,15.25,51,40,5.66,CL,1731958564
25,adamstown,-25.066,-130.1015,22.78,82,100,9.13,PN,1731958565
26,ormara,25.2088,64.6357,26.73,62,0,4.58,PK,1731958566
27,tera,14.0078,0.7531,26.13,13,31,4.71,NE,1731958567
28,ancud,-41.8697,-73.8203,16.75,53,10,2.68,CL,1731958568
29,bethel,41.3712,-73.414,17.44,44,0,4.12,US,1731958569
30,papatowai,-46.5619,169.4708,15.87,46,63,0.52,NZ,1731958571
31,eleskirt,39.8033,42.6736,1.91,95,100,1.5,TR,1731958572
32,hermanus,-34.4187,19.2345,18.78,78,81,3.94,ZA,1731958573
33,atafu village,-8.5421,-172.5159,28.76,66,3,7.82,TK,1731958574
34,zakamensk,50.3741,103.2863,-10.37,81,3,1.54,RU,1731958575
35,iqaluit,63.7506,-68.5145,-8.15,62,20,5.66,CA,1731958576
36,augusto correa,-1.0217,-46.635,27.89,72,54,2.99,BR,1731958577
37,bryne,58.7354,5.6477,1.55,81,20,4.12,NO,1731958579
38,kavieng,-2.5744,150.7967,28.11,70,97,4.29,PG,1731958580
39,anadyr,64.75,177.4833,-4.44,85,100,13.0,RU,1731958581
40,general cabrera,-32.8131,-63.8724,25.51,23,6,3.88,AR,1731958582
41,antsiranana,-12.2787,49.2917,24.99,76,48,6.39,MG,1731958583
42,guerrero negro,27.9769,-114.0611,18.17,52,0,6.94,MX,1731958584
43,bredasdorp,-34.5322,20.0403,17.82,73,90,3.06,ZA,1731958585
44,vanimo,-2.6741,141.3028,25.72,87,100,0.6,PG,1731958586
45,kenora,49.8167,-94.4337,7.54,70,75,4.63,CA,1731958588
46,el calafate,-50.3408,-72.2768,12.48,50,72,2.42,AR,1731958589
47,kapuskasing,49.4169,-82.4331,6.0,87,100,3.09,CA,1731958590
48,wailua homesteads,22.0669,-159.378,23.96,83,100,8.23,US,1731958591
49,tiksi,71.6872,128.8694,-29.85,100,85,1.35,RU,1731958592
50,burang,30.25,81.1667,-3.55,26,0,1.97,CN,1731958593
51,revda,56.801,59.9303,0.87,91,100,5.47,RU,1731958594
52,belyy yar,53.6039,91.3903,2.94,52,0,6.0,RU,1731958596
53,jiayuguan,39.8167,98.3,-0.16,33,12,1.83,CN,1731958597
54,inarajan village,13.2736,144.7484,26.02,89,14,7.06,GU,1731958598
55,vila velha,-20.3297,-40.2925,26.64,81,75,6.17,BR,1731958599
56,port elizabeth,-33.918,25.5701,19.62,96,75,3.6,ZA,1731958600
57,ar ruways,24.1103,52.7306,23.85,60,0,3.01,AE,1731958601
58,qinzhou,21.95,108.6167,19.24,59,33,4.06,CN,1731958602
59,margaret river,-33.95,115.0667,15.18,78,96,4.85,AU,1731958604
60,mocimboa,-11.3167,40.35,25.55,85,58,2.41,MZ,1731958605
61,hamilton,39.1834,-84.5333,18.47,77,0,3.09,US,1731958193
62,zakynthos,37.7914,20.8953,16.84,64,1,3.36,GR,1731958607
63,buka,40.8108,69.1986,11.16,49,100,2.75,UZ,1731958608
64,callao,-12.0667,-77.15,22.16,68,75,5.66,PE,1731958609
65,tra vinh,9.9347,106.3453,24.49,90,71,1.85,VN,1731958610
66,hawaiian paradise park,19.5933,-154.9731,23.83,85,40,0.45,US,1731958612
67,kill devil hills,36.0307,-75.676,17.18,72,0,2.57,US,1731958613
68,jamestown,42.097,-79.2353,13.9,53,0,5.66,US,1731958575
69,yuzhno-kurilsk,44.0306,145.8556,0.18,58,100,9.58,RU,1731958615
70,strezhevoy,60.7333,77.5889,0.11,98,100,4.89,RU,1731958616
71,sijunjung,-0.6876,100.9537,22.67,99,100,0.49,ID,1731958617
72,klyuchi,52.2667,79.1667,-5.53,88,85,3.32,RU,1731958618
73,mammoth lakes,37.6485,-118.9721,1.78,43,0,6.69,US,1731958620
74,crane,31.3974,-102.3501,18.59,28,0,12.12,US,1731958621
75,grytviken,-54.2811,-36.5092,0.3,76,19,4.41,GS,1731958622
76,vilyuchinsk,52.9306,158.4028,3.15,91,100,4.39,RU,1731958623
77,richards bay,-28.783,32.0377,24.15,86,46,5.48,ZA,1731958624
78,coquimbo,-29.9533,-71.3436,18.88,55,75,5.66,CL,1731958625
79,manokwari,-0.8667,134.0833,25.83,74,96,1.34,ID,1731958626
80,sungai raya,0.7,108.9,25.5,89,100,1.46,ID,1731958628
81,keflavik,64.0049,-22.5624,-3.76,63,75,8.75,IS,1731958629
82,mirpur sakro,24.5474,67.6277,25.38,35,0,2.16,PK,1731958630
83,stephenville,32.2207,-98.2023,20.94,35,0,9.77,US,1731958631
84,kruisfontein,-34.0033,24.7314,15.99,89,21,2.39,ZA,1731958632
85,east london,-33.0153,27.9116,20.53,79,78,2.14,ZA,1731958633
86,bani mazar,28.5036,30.8004,17.45,44,0,3.05,EG,1731958634
87,princeville,45.7668,-61.2985,5.96,96,100,5.66,CA,1731958636
88,island harbour,50.724,-1.2758,10.04,93,100,1.34,GB,1731958637
89,omutinskiy,56.4745,67.6709,-0.71,92,100,4.91,RU,1731958638
90,antofagasta,-23.65,-70.4,19.6,79,100,3.42,CL,1731958639
91,yeniseysk,58.4497,92.1703,-0.86,90,100,4.79,RU,1731958640
92,tomarza,38.4472,35.7992,5.01,84,48,0.64,TR,1731958641
93,sinabang,2.4803,96.3801,26.3,86,100,0.58,ID,1731958642
94,yellowknife,62.456,-114.3525,-14.23,93,100,6.71,CA,1731958644
95,pathein,16.7833,94.7333,22.07,85,49,2.29,MM,1731958645
96,holualoa,19.6228,-155.9522,25.3,74,0,4.63,US,1731958647
97,aasiaat,68.7098,-52.8699,-14.64,80,23,5.95,GL,1731958648
98,gerash,27.6652,54.1371,15.08,39,0,1.19,IR,1731958649
99,lebu,-37.6167,-73.65,15.64,66,0,4.09,CL,1731958650
100,balabac,7.9868,117.0645,27.94,78,100,5.63,PH,1731958651
101,kerikeri,-35.2268,173.9474,16.06,79,1,0.45,NZ,1731958653
102,sao jose da coroa grande,-8.8978,-35.1478,25.86,71,1,3.62,BR,1731958654
103,tanout,14.9709,8.8879,22.56,18,5,5.2,NE,1731958655
104,happy valley-goose bay,53.3168,-60.3315,4.17,93,100,2.06,CA,1731958656
105,okha,53.5739,142.9478,-8.16,85,100,9.94,RU,1731958657
106,dudinka,69.4058,86.1778,-17.02,97,100,4.38,RU,1731958658
107,dingtao,35.0683,115.5625,6.2,67,90,1.16,CN,1731958659
108,suntar,62.1444,117.6319,-10.33,97,100,1.43,RU,1731958661
109,ta`u,-14.2336,-169.5144,27.12,81,81,6.87,AS,1731958662
110,st. john's,47.5649,-52.7093,10.81,97,100,2.06,CA,1731958663
111,sovetskaya gavan',48.9723,140.2878,-10.45,50,0,4.89,RU,1731958664
112,marsabit,2.3284,37.9899,21.65,64,44,4.84,KE,1731958665
113,carnarvon,-24.8667,113.6333,21.01,85,100,1.61,AU,1731958666
114,port mathurin,-19.6833,63.4167,24.73,91,12,10.47,MU,1731958667
115,georgetown,5.4112,100.3354,25.75,86,20,1.54,MY,1731958669
116,constantia,44.1833,28.65,-0.62,61,99,2.59,RO,1731958670
117,puerto ayora,-0.7393,-90.3518,24.19,79,17,2.24,EC,1731958671
118,akureyri,65.6835,-18.0878,-5.04,80,75,6.69,IS,1731958672
119,olonkinbyen,70.9221,-8.7187,-5.06,62,100,10.7,SJ,1731958673
120,bandarbeyla,9.4942,50.8122,26.02,72,79,8.29,SO,1731958674
121,new norfolk,-42.7826,147.0587,7.62,79,8,0.84,AU,1731958675
122,manggar,-2.8833,108.2667,25.71,83,100,0.39,ID,1731958677
123,nouadhibou,20.931,-17.0347,22.99,60,40,6.17,MR,1731958678
124,orsa,54.5153,30.4053,3.29,69,100,6.37,BY,1731958679
125,vilyuysk,63.7553,121.6247,-15.82,97,99,2.29,RU,1731958680
126,chonchi,-42.6128,-73.8092,19.7,39,36,0.97,CL,1731958681
127,avarua,-21.2078,-159.775,24.03,78,75,7.72,CK,1731958682
128,anna regina,7.2644,-58.5077,27.8,79,100,4.1,GY,1731958683
129,camocim,-2.9022,-40.8411,28.73,68,6,10.22,BR,1731958685
130,magong,23.5654,119.5863,21.79,83,100,19.79,TW,1731958686
131,tazacorte,28.629,-17.9293,18.42,89,20,2.68,ES,1731958687
132,iskateley,67.6803,53.1512,-11.76,94,99,6.27,RU,1731958688
133,nefta,33.8731,7.8777,20.14,24,0,3.4,TN,1731958689
134,ciudad lazaro cardenas,17.9583,-102.2,29.57,67,100,3.27,MX,1731958690
135,kidal,18.4411,1.4078,23.33,12,37,5.15,ML,1731958691
136,kingston,17.997,-76.7936,29.53,66,20,3.09,JM,1731958693
137,stanley,54.868,-1.6985,-1.07,88,0,0.51,GB,1731958694
138,pionerskiy,54.9508,20.2275,3.91,79,93,7.81,RU,1731958696
139,san patricio,28.017,-97.5169,30.97,37,77,6.43,US,1731958697
140,contamana,-7.3333,-75.0167,29.75,62,87,0.96,PE,1731958698
141,margate,51.3813,1.3862,5.99,86,100,5.44,GB,1731958700
142,enewetak,11.3474,162.3373,28.44,74,1,8.22,MH,1731958701
143,labytnangi,66.6572,66.4183,-17.37,97,100,2.96,RU,1731958702
144,punta arenas,-53.15,-70.9167,16.06,44,40,5.66,CL,1731958704
145,nantucket,41.2835,-70.0995,14.06,35,0,5.14,US,1731958705
146,opuwo,-18.0607,13.84,25.54,41,99,5.28,NA,1731958707
147,selfoss,63.9331,-20.9971,-6.43,75,12,5.07,IS,1731958708
148,longyearbyen,78.2186,15.6401,-11.09,79,0,4.63,SJ,1731958709
149,kuragino,53.8975,92.6725,-2.76,91,100,2.12,RU,1731958710
150,taco pozo,-25.6167,-63.2833,16.8,94,100,4.28,AR,1731958711
151,yesilhisar,38.3497,35.0867,7.0,79,19,0.49,TR,1731958712
152,kodiak,57.79,-152.4072,-4.27,63,0,6.69,US,1731958713
153,ust-nera,64.5667,143.2,-24.36,99,100,0.86,RU,1731958715
154,muisne,0.6,-80.0333,25.72,74,62,4.74,EC,1731958716
155,kalmunai,7.4167,81.8167,25.62,86,77,2.53,LK,1731958717
156,balqash,46.8481,74.995,1.7,75,70,5.82,KZ,1731958718
157,rehau,50.25,12.0333,1.87,94,20,2.06,DE,1731958719
158,arraial do cabo,-22.9661,-42.0278,26.92,74,20,10.29,BR,1731958720
159,chehalis,46.662,-122.964,4.49,98,75,3.09,US,1731958721
160,cockburn town,21.4612,-71.1419,25.98,73,40,4.12,TC,1731958723
161,kone,-21.0595,164.8658,24.75,67,7,1.98,NC,1731958724
162,vadso,70.0744,29.7487,1.09,93,75,8.23,NO,1731958725
163,west island,-12.1568,96.8225,26.99,83,75,5.66,CC,1731958726
164,shingu,33.7333,135.9833,6.2,77,4,3.03,JP,1731958727
165,tolanaro,-25.0319,46.9987,26.04,78,40,11.83,MG,1731958728
166,ghat,24.9647,10.1728,20.46,21,99,1.13,LY,1731958729
167,dahab,28.501,34.5134,21.21,47,0,5.62,EG,1731958730
168,haiku-pauwela,20.9219,-156.3051,24.33,67,20,11.62,US,1731958732
169,mount gambier,-37.8333,140.7667,10.46,75,69,1.34,AU,1731958733
170,nizao,18.25,-70.2,28.15,59,80,7.54,DO,1731958734
171,nagqu,31.5,92.0,-6.44,30,55,1.74,CN,1731958735
172,tchintabaraden,15.8969,5.7985,23.59,15,3,5.24,NE,1731958736
173,pangody,65.85,74.4859,-16.76,99,86,2.17,RU,1731958737
174,qaqortoq,60.7167,-46.0333,-8.88,59,0,3.89,GL,1731958738
175,arkhangel'sk,64.5401,40.5433,1.06,100,100,4.0,RU,1731958740
176,broome,42.2506,-75.833,13.75,54,0,5.66,US,1731958741
177,luderitz,-26.6481,15.1594,18.68,62,6,5.23,NA,1731958742
178,port augusta,-32.5,137.7667,14.92,66,0,3.27,AU,1731958743
179,bonthe,7.5264,-12.505,27.22,79,99,3.77,SL,1731958744
180,pyhajarvi,67.0701,27.2176,-3.32,88,48,3.34,FI,1731958745
181,kawerau,-38.1,176.7,15.83,70,9,0.45,NZ,1731958746
182,west valley,46.5921,-120.6051,5.11,71,75,1.79,US,1731958749
183,sebastopol,44.6,33.5333,11.11,60,100,1.79,UA,1731958740
184,san andres,12.5847,-81.7006,30.01,74,40,3.09,CO,1731958751
185,nova londrina,-22.7658,-52.985,35.92,25,65,6.48,BR,1731958752
186,uliastay,47.7417,96.8444,-11.7,66,95,3.05,MN,1731958753
187,gremyachevo,54.7503,38.5869,2.0,90,99,6.06,RU,1731958755
188,tailai,46.3833,123.4,-7.83,34,0,5.93,CN,1731958756
189,ust'-kulom,61.6864,53.6902,1.38,98,100,4.99,RU,1731958757
190,zarghun shahr,32.8473,68.4457,3.23,44,3,1.6,AF,1731958758
191,nilgiri,21.4581,86.7669,18.0,59,0,1.53,IN,1731958759
192,quellon,-43.1167,-73.6167,14.24,57,75,4.14,CL,1731958760
193,puerto san jose,13.9256,-90.8244,25.46,88,100,1.45,GT,1731958761
194,katsina-ala,7.1667,9.2833,26.01,34,18,1.88,NG,1731958763
195,javier rojo gomez,25.2239,-103.6304,21.92,26,27,3.05,MX,1731958764
196,lucapa,-8.4192,20.7447,20.1,90,22,0.74,AO,1731958765
197,tromso,69.6496,18.957,0.01,69,0,2.57,NO,1731958766
198,merizo village,13.2658,144.6691,25.78,89,12,6.71,GU,1731958767
199,saudarkrokur,65.7461,-19.6394,-4.66,75,100,7.55,IS,1731958768
200,queenstown,-31.8976,26.8753,16.48,85,54,3.03,ZA,1731958769
201,nuuk,64.1835,-51.7216,-3.66,42,0,4.12,GL,1731958771
202,nova vicosa,-17.8919,-39.3719,26.2,70,10,5.32,BR,1731958772
203,sisimiut,66.9395,-53.6735,-8.64,55,9,4.93,GL,1731958773
204,limulunga,-15.0969,23.1376,21.88,76,96,2.57,ZM,1731958774
205,al matlin,37.2452,10.05,16.77,76,38,5.97,TN,1731958775
206,santo amaro da imperatriz,-27.6881,-48.7786,27.9,94,90,1.03,BR,1731958776
207,la chamba,45.7556,3.7573,3.74,86,100,1.5,FR,1731958777
208,port alfred,-33.5906,26.891,17.32,95,87,1.92,ZA,1731958779
209,alofi,-19.0595,-169.9187,25.94,83,75,6.69,NU,1731958780
210,lodwar,3.1191,35.5973,30.27,44,88,7.87,KE,1731958781
211,vorgashor,67.5833,63.95,-21.73,99,42,2.88,RU,1731958782
212,uturoa,-16.7333,-151.4333,25.65,82,99,9.85,PF,1731958783
213,tinaquillo,9.9186,-68.3047,27.88,73,74,0.72,VE,1731958784
214,dryden,49.7833,-92.7503,8.16,66,20,5.14,CA,1731958785
215,kete krachi,7.7939,-0.0498,28.66,57,3,1.72,GH,1731958787
216,teguise,29.0605,-13.564,20.12,73,20,1.03,ES,1731958788
217,dokshytsy,54.8924,27.7689,1.47,92,99,6.48,BY,1731958789
218,wanning,18.8003,110.3967,23.27,89,54,5.17,CN,1731958790
219,walvis bay,-22.9575,14.5053,15.53,88,18,2.57,NA,1731958791
220,karelichy,53.5653,26.1378,1.37,84,78,4.76,BY,1731958792
221,kapa'a,22.0752,-159.319,24.71,83,100,8.23,US,1731958793
222,al khafji,28.4391,48.4913,24.68,70,79,7.1,SA,1731958795
223,lata,40.1629,-8.3327,12.23,94,32,0.28,PT,1731958797
224,mana,5.6592,-53.7767,28.17,77,10,5.6,GF,1731958798
225,sitka,57.0531,-135.33,1.94,75,20,1.54,US,1731958799
226,broken hill,-31.95,141.4333,13.52,52,0,6.01,AU,1731958800
227,petropavlovsk-kamchatsky,53.0452,158.6483,2.33,81,100,4.0,RU,1731958802
228,takaungu,-3.6837,39.8566,26.29,91,62,3.59,KE,1731958803
229,nemuro,43.3236,145.575,-0.93,68,0,8.93,JP,1731958804
230,bamboo flat,11.7,92.7167,27.05,89,20,1.54,IN,1731958805
231,afif,23.9065,42.9172,21.8,25,0,4.86,SA,1731958807
232,dickinson,29.4608,-95.0513,27.66,86,100,7.2,US,1731958809
233,tazovsky,67.4667,78.7,-18.28,95,100,4.39,RU,1731958810
234,bochum,51.4833,7.2167,4.94,89,100,0.45,DE,1731958813
235,ketchikan,55.3422,-131.6461,1.27,86,100,1.54,US,1731958815
236,afaahiti,-17.75,-149.2833,23.63,85,100,9.68,PF,1731958817
237,eynesil,41.0645,39.1438,13.97,97,100,3.06,TR,1731958818
238,bulayevo,54.9056,70.4439,-3.06,87,63,5.55,KZ,1731958819
239,fale old settlement,-9.3852,-171.2468,28.38,71,10,6.52,TK,1731958820
240,al qitena,14.8648,32.3668,27.11,25,3,8.23,SD,1731958822
241,pontes e lacerda,-15.2261,-59.3353,29.33,65,99,0.63,BR,1731958824
242,tavsanli,39.5424,29.4987,7.91,86,95,1.31,TR,1731958825
243,ajdabiya,30.7554,20.2263,18.96,73,0,3.14,LY,1731958826
244,nar'yan-mar,67.6713,53.087,-11.64,94,99,6.31,RU,1731958827
245,hasaki,35.7333,140.8333,10.07,56,38,9.54,JP,1731958828
246,maxixe,-23.8597,35.3472,23.9,94,20,1.54,MZ,1731958830
247,udachny,66.4167,112.4,-24.98,100,90,1.5,RU,1731958833
248,chefchaouene,35.1688,-5.2636,19.46,49,38,1.34,MA,1731958834
249,camana,-16.6228,-72.7111,20.63,76,22,3.34,PE,1731958835
250,utrik,11.2278,169.8474,28.17,75,96,7.76,MH,1731958838
251,mugia,43.1041,-9.2179,13.28,87,58,5.28,ES,1731958839
252,hinton,53.4001,-117.5857,-1.82,68,38,1.05,CA,1731958840
253,gergebil',42.5047,47.0661,7.62,51,100,1.02,RU,1731958841
254,kharakvasla,18.4333,73.7667,18.04,50,1,2.01,IN,1731958842
255,tucupita,9.0622,-62.051,28.2,75,100,3.07,VE,1731958844
256,maumere,-8.6199,122.2111,26.92,81,99,0.56,ID,1731958845
257,um jar al gharbiyya,13.8013,32.4078,27.63,24,1,8.14,SD,1731958846
258,carutapera,-1.195,-46.02,28.54,72,51,4.21,BR,1731958847
259,urzhar,47.093,81.6294,-1.47,69,17,3.12,KZ,1731958848
260,anaconda,46.1285,-112.9423,-1.52,57,100,4.83,US,1731958849
261,l'aquila,42.365,13.3935,9.95,77,84,1.79,IT,1731958850
262,santyoku,37.4406,129.1708,4.54,63,99,2.61,KR,1731958852
263,cabo san lucas,22.8909,-109.9124,22.64,42,0,4.12,MX,1731958853
264,severo-yeniseyskiy,60.3725,93.0408,-2.98,89,99,6.04,RU,1731958854
265,whitehorse,60.7161,-135.0538,-14.71,71,75,4.12,CA,1731958855
266,kayyerkan,69.3786,87.7439,-11.51,96,100,3.31,RU,1731958856
267,hammerfest,70.6634,23.6821,-0.75,86,0,1.03,NO,1731958857
268,portland,45.5234,-122.6762,5.88,92,75,3.58,US,1731958350
269,minas de marcona,-15.2119,-75.1103,19.35,58,100,6.52,PE,1731958859
270,igarka,67.4667,86.5833,-9.36,96,100,3.06,RU,1731958861
271,upington,-28.4478,21.2561,29.21,12,0,2.57,ZA,1731958862
272,agat village,13.3886,144.6585,25.98,89,0,3.6,GU,1731958863
273,kirillov,59.863,38.3813,2.27,70,85,5.43,RU,1731958864
274,tindouf,27.6711,-8.1474,19.25,82,75,1.54,DZ,1731958865
275,prince rupert,54.3161,-130.3201,2.1,80,20,10.29,CA,1731958866
276,pervomayskoye,43.919,46.7102,9.5,83,100,5.74,RU,1731958867
277,ivdel',60.6911,60.4206,1.05,91,100,3.7,RU,1731958869
278,colonia,50.9333,6.95,5.88,88,75,3.09,DE,1731958870
279,oakdale,44.963,-92.9649,10.74,57,40,5.14,US,1731958871
280,biloela,-24.4167,150.5,21.46,73,100,1.09,AU,1731958872
281,codrington,-38.2667,141.9667,12.43,67,100,2.58,AU,1731958873
282,bandar abbas,27.1865,56.2808,22.99,78,0,3.09,IR,1731958874
283,valera,9.3178,-70.6036,25.58,94,100,1.25,VE,1731958875
284,khairpur,27.5295,68.7617,22.79,28,0,2.13,PK,1731958877
285,salinopolis,-0.6136,-47.3561,28.11,73,37,5.37,BR,1731958878
286,kangiwa,12.5521,3.8187,25.19,17,3,4.43,NG,1731958879
287,kununurra,-15.7667,128.7333,25.99,94,49,1.54,AU,1731958880
288,namibe,-15.1961,12.1522,23.33,73,53,4.56,AO,1731958881
289,al ghayzah,16.2079,52.176,25.79,66,100,2.2,YE,1731958882
290,tsiombe,-25.3,45.4833,27.12,65,100,3.38,MG,1731958883
291,atar,20.5169,-13.0499,31.8,12,100,4.75,MR,1731958885
292,nanga eboko,4.6833,12.3667,22.78,63,81,0.97,CM,1731958886
293,badger,64.8,-147.5333,-21.85,82,75,0.0,US,1731958887
294,novofedorivka,46.1713,32.3178,9.1,84,95,2.84,UA,1731958888
295,zhengzhou,34.7578,113.6486,7.55,68,37,0.45,CN,1731958889
296,kodinsk,58.6881,99.1844,-1.72,82,100,6.05,RU,1731958771
297,as samawah,31.332,45.2944,22.66,42,0,5.43,IQ,1731958891
298,ifanadiana,-21.3,47.6333,19.87,92,100,0.2,MG,1731958893
299,sosnogorsk,63.6023,53.8817,0.62,99,100,3.71,RU,1731958894
300,linhai,28.85,121.1167,11.03,91,13,1.36,CN,1731958895
301,osica de sus,44.25,24.3167,6.46,50,19,0.66,RO,1731958896
302,pirai do sul,-24.5261,-49.9486,25.55,50,100,0.97,BR,1731958897
303,carolina,18.3808,-65.9574,27.8,60,75,3.09,PR,1731958898
304,kailua-kona,19.6406,-155.9956,26.7,73,0,4.63,US,1731958899
305,attapeu,14.8,106.8333,21.24,90,11,1.07,LA,1731958901
306,shijiazhuang,38.0414,114.4786,7.32,37,100,0.54,CN,1731958902
307,tual,-5.6667,132.75,27.96,78,100,4.72,ID,1731958903
308,shenjiamen,29.9576,122.298,14.38,68,45,7.29,CN,1731958904
309,pisco,-13.7,-76.2167,21.03,78,0,3.6,PE,1731958905
310,teknaf,20.8624,92.3058,20.85,80,3,2.11,BD,1731958906
311,kokpekty,48.75,82.4,-8.59,83,10,1.49,KZ,1731958907
312,viqueque,-8.8673,126.3658,25.24,91,84,0.72,TL,1731958909
313,changsha,28.2,112.9667,12.09,80,100,4.54,CN,1731958910
314,luganville,-15.5333,167.1667,26.85,81,60,4.55,VU,1731958911
315,cole harbour,44.6724,-63.4751,6.64,83,100,10.8,CA,1731958912
316,washington,47.5001,-120.5015,3.76,68,84,1.69,US,1731958913
317,adjumani,3.3779,31.7909,23.75,60,94,0.95,UG,1731958914
318,lompoc,34.6391,-120.4579,17.44,50,0,7.72,US,1731958915
319,polyarnyy,69.1989,33.4478,0.54,75,100,5.0,RU,1731958917
320,qui nhon,13.7667,109.2333,23.56,90,100,3.19,VN,1731958918
321,kourou,5.1552,-52.6478,28.19,73,3,4.07,GF,1731958919
322,lospalos,-8.5186,127.0025,22.75,92,56,1.63,TL,1731958920
323,grosseto,42.8333,11.25,10.83,82,0,2.57,IT,1731958921
324,ed damer,17.5928,33.9592,26.66,30,37,8.0,SD,1731958922
325,lekki,6.3607,4.8333,25.76,87,23,1.23,NG,1731958923
326,kuta,-8.7233,115.1723,27.97,89,40,1.03,ID,1731958925
327,weno,7.4515,151.8468,27.97,89,75,4.12,FM,1731958926
328,tripoli,32.8752,13.1875,22.28,52,65,2.82,LY,1731958927
329,homer,59.6425,-151.5483,-7.21,55,0,4.47,US,1731958928
330,pandan,14.0453,124.1694,25.97,90,100,3.94,PH,1731958929
331,villa emilio carranza,19.9667,-96.6,28.61,71,59,3.07,MX,1731958930
332,zhalantun,48.0,122.7167,-9.1,34,88,0.89,CN,1731958931
333,egilsstadir,65.2653,-14.3948,-3.05,93,100,10.29,IS,1731958932
334,smithers,54.7804,-127.1743,0.18,80,20,3.09,CA,1731958934
335,nguigmi,14.2495,13.1092,23.24,20,0,6.32,NE,1731958935
336,nogliki,51.8333,143.1667,-11.75,50,18,5.52,RU,1731958936
337,caleta olivia,-46.4393,-67.5281,12.45,56,0,7.48,AR,1731958937
338,la passe,45.5549,-0.8967,12.94,84,100,4.25,FR,1731958938
339,stutterheim,-32.5708,27.424,14.99,94,96,1.02,ZA,1731958939
340,hailey,43.5196,-114.3153,0.92,40,0,10.73,US,1731958940
341,sangre grande,10.5835,-61.1177,31.98,88,100,2.55,TT,1731958942
342,saint-pierre,-21.3393,55.4781,23.82,83,20,9.26,RE,1731958943
343,escarcega,18.6089,-90.7454,31.8,54,100,1.54,MX,1731958944
344,san ignacio de velasco,-16.3667,-60.95,27.08,74,83,4.94,BO,1731958945
345,altai,46.3722,96.2583,-7.63,37,39,1.04,MN,1731958946
346,magadan,59.5667,150.8,-3.55,83,100,7.99,RU,1731958691
347,zhanaozen,43.3,52.8,3.68,83,5,4.08,KZ,1731958949
348,robbah,33.2797,6.9098,22.8,21,0,5.04,DZ,1731958950
349,port lincoln,-34.7333,135.8667,14.47,70,88,4.23,AU,1731958951
350,umluj,25.0213,37.2685,23.99,54,0,5.69,SA,1731958952
351,lodja,-3.4833,23.4333,21.29,91,63,0.15,CD,1731958953
352,glace bay,46.1969,-59.957,7.49,99,100,7.72,CA,1731958954
353,lusambo,-4.9667,23.45,22.78,87,49,0.24,CD,1731958955
354,betio village,1.358,172.9211,28.02,68,97,6.81,KI,1731958957
355,carauari,-4.8828,-66.8958,32.69,51,92,0.63,BR,1731958958
356,anuradhapura,8.3565,80.4173,23.39,97,97,2.01,LK,1731958959
357,rio grande,-32.035,-52.0986,20.46,81,100,8.36,BR,1731958960
358,rabo de peixe,37.8,-25.5833,17.77,99,20,6.17,PT,1731958961
359,betong,5.7743,101.0723,20.7,99,99,1.15,TH,1731958962
360,shumikha,55.2261,63.2961,-2.12,92,62,3.47,RU,1731958963
361,montpon-menesterol,45.0,0.1667,10.12,86,98,1.9,FR,1731958965
362,at taraf,25.3628,49.725,21.3,30,0,4.19,SA,1731958967
363,iranduba,-3.2847,-60.1861,35.16,30,20,1.44,BR,1731958968
364,rzhyshchiv,49.9689,31.0463,1.59,89,27,3.13,UA,1731958969
365,flying fish cove,-10.4217,105.6791,25.82,100,75,1.54,CX,1731958970
366,inirida,3.8653,-67.9239,30.03,67,87,1.02,CO,1731958971
367,lascano,-33.6667,-54.2,19.88,60,25,7.25,UY,1731958973
368,chikwawa,-16.0335,34.8009,27.74,57,10,0.78,MW,1731958974
369,baley,51.6,116.6333,-15.09,95,100,1.67,RU,1731958975
370,sur,22.5667,59.5289,26.07,54,2,1.57,OM,1731958976
371,matthew town,20.95,-73.6667,26.87,54,100,5.38,BS,1731958977
372,batesburg-leesville,33.9101,-81.5373,21.69,64,100,2.77,US,1731958978
373,puerto madero,14.7208,-92.4215,28.11,83,75,5.14,MX,1731958979
374,myrina,39.8797,25.0742,9.58,87,20,0.0,GR,1731958981
375,cannonvale,-20.2833,148.7,24.66,73,60,4.27,AU,1731958982
376,rongelap,11.1635,166.8941,28.42,79,13,7.84,MH,1731958983
377,matriz de camaragibe,-9.1517,-35.5333,25.98,65,37,3.12,BR,1731958984
378,fort bragg,35.139,-79.006,22.52,52,0,2.06,US,1731958985
379,san juan,-31.5375,-68.5364,25.88,22,3,5.69,AR,1731958824
380,peru,40.7537,-86.0689,15.97,91,100,3.6,US,1731958989
381,xai-xai,-25.0519,33.6442,23.57,74,0,4.05,MZ,1731958990
382,monrovia,6.3005,-10.7969,26.59,81,29,4.55,LR,1731958991
383,nador,35.174,-2.9287,18.14,88,20,1.54,MA,1731958992
384,mount pearl,47.5166,-52.7813,10.4,98,100,2.06,CA,1731958993
385,port moresby,-9.4431,147.1797,24.68,94,20,2.06,PG,1731958891
386,kavaratti,10.5669,72.642,28.15,73,100,0.54,IN,1731958996
387,amravati,20.9333,77.75,18.37,58,0,1.56,IN,1731958997
388,lorengau,-2.0226,147.2712,27.76,78,84,2.98,PG,1731958998
389,ilha de mocambique,-15.0342,40.7358,26.96,86,0,3.9,MZ,1731958999
390,palatka,29.6486,-81.6376,26.73,48,0,0.45,US,1731958922
391,la'ie,21.6477,-157.9253,24.83,73,9,9.79,US,1731959001
392,grootfontein,-19.5667,18.1167,24.76,38,95,2.06,NA,1731959002
393,kapenguria,1.2511,35.0895,16.49,58,100,0.21,KE,1731959004
394,sangmelima,2.9333,11.9833,21.14,90,86,0.74,CM,1731959005
395,moapa valley,36.5805,-114.4703,15.86,19,3,2.09,US,1731958816
396,saint-joseph,-21.3667,55.6167,23.21,75,14,6.03,RE,1731959008
397,newman,37.3138,-121.0208,15.02,46,4,4.47,US,1731959009
398,arvayheer,46.2639,102.775,-5.17,24,0,1.78,MN,1731959011
399,puerto quijarro,-17.7833,-57.7667,36.57,36,86,2.03,BO,1731959012
400,liman,48.9884,37.8023,5.84,77,100,3.81,UA,1731959013
401,thinadhoo,0.5333,72.9333,27.32,72,100,6.06,MV,1731959014
402,shamokin,40.789,-76.5589,16.48,57,100,3.58,US,1731959015
403,itarantim,-15.6597,-40.0656,25.58,73,100,1.86,BR,1731959016
404,south hedland,-20.4089,118.5983,26.96,83,0,2.57,AU,1731959017
405,bowen,-20.0167,148.2333,24.56,73,68,4.73,AU,1731959020
406,jabat,7.75,168.9751,28.03,78,100,7.41,MH,1731959021
407,kaga bandoro,6.9896,19.1874,25.17,59,56,1.23,CF,1731959022
408,lashio,22.9333,97.75,17.16,81,100,0.68,MM,1731959023
409,tinogasta,-28.0632,-67.5649,21.84,53,100,3.91,AR,1731959024
410,bengkulu,-3.8004,102.2655,24.3,93,100,3.38,ID,1731959025
411,zhezqazghan,47.7833,67.7667,-3.12,88,25,2.43,KZ,1731959027
412,sarkand,45.41,79.9186,4.02,58,100,3.67,KZ,1731959028
413,salekhard,66.53,66.6019,-17.31,96,100,3.76,RU,1731959029
414,inhambane,-23.865,35.3833,23.99,94,20,1.54,MZ,1731959030
415,hirara,24.8,125.2833,23.15,73,100,9.77,JP,1731959031
416,al qusayr,34.5091,36.5798,13.59,67,0,0.35,SY,1731959032
417,tallulah,32.4085,-91.1868,27.0,57,100,7.72,US,1731959033
418,shalqar,47.8333,59.6,1.36,68,0,3.34,KZ,1731959035
419,fort st. john,56.2499,-120.8529,-12.06,79,100,4.12,CA,1731959036
420,alta,69.9689,23.2717,-5.45,85,40,7.6,NO,1731959037
421,i-n-salah,27.1935,2.4607,24.48,16,0,4.49,DZ,1731959039
422,al muwayh,22.4333,41.7583,22.5,34,0,3.23,SA,1731959040
423,sikonge,-5.6333,32.7667,21.01,68,8,1.49,TZ,1731959043
424,champerico,14.3,-91.9167,26.91,81,100,4.1,GT,1731959044
425,kirakira,-10.4544,161.9205,27.4,82,75,4.28,SB,1731959045
426,kosh-agach,50.0,88.6667,-16.61,83,2,1.44,RU,1731959046
427,onokhoy,51.932,108.0747,-14.21,98,36,0.58,RU,1731959047
428,taltal,-25.4,-70.4833,18.45,72,100,2.54,CL,1731959049
429,thurso,58.5927,-3.5259,-1.86,64,100,4.19,GB,1731959050
430,aginskoye,51.1,114.53,-10.65,90,100,2.96,RU,1731959051
431,zapala,-38.8992,-70.0544,22.4,18,100,9.22,AR,1731959052
432,acarau,-2.8856,-40.12,27.55,70,4,8.8,BR,1731959053
433,nizhniy odes,63.6445,54.856,0.19,99,100,3.77,RU,1731959054
434,nizhnevartovsk,60.9344,76.5531,0.01,100,100,5.0,RU,1731959055
435,tiquipaya,-17.3382,-66.2189,22.76,26,75,5.14,BO,1731959057
436,touros,-5.1989,-35.4608,26.42,70,100,6.48,BR,1731959058
437,abaza,52.655,90.0928,-2.98,82,100,2.31,RU,1731959059
438,qamdo,31.1667,97.2333,-1.88,58,46,2.5,CN,1731959060
439,nova sintra,14.8667,-24.7167,24.94,79,100,7.29,CV,1731959061
440,floro,61.5996,5.0328,-0.02,93,40,2.06,NO,1731959062
441,phalodi,27.1333,72.3667,19.24,27,0,2.99,IN,1731959063
442,fisterra,42.9049,-9.2629,14.47,86,78,5.08,ES,1731959065
443,kikwit,-5.041,18.8162,22.23,93,10,0.2,CD,1731959066
444,necochea,-38.5473,-58.7368,19.16,44,0,3.13,AR,1731959067
445,soio,-6.1349,12.3689,25.94,88,100,2.02,AO,1731959068
446,papao,-17.75,-149.55,28.82,87,90,11.07,PF,1731959069
447,paciran,-6.8767,112.3761,27.57,77,99,1.84,ID,1731959070
448,sitangkai,4.6628,119.3928,28.55,74,100,4.06,PH,1731959071
449,cabedelo,-6.9811,-34.8339,28.37,71,100,6.01,BR,1731959073
450,cooma,-36.2333,149.1333,7.94,78,73,0.98,AU,1731959074
451,el nido,11.1858,119.3956,26.75,92,100,7.09,PH,1731959075
452,alice springs,-23.7,133.8833,19.75,34,7,3.09,AU,1731959076
453,mogoytuy,51.2833,114.9167,-13.11,95,100,1.52,RU,1731959077
454,otacilio costa,-27.4831,-50.1219,26.46,53,72,0.29,BR,1731959078
455,kamloops,50.6665,-120.3192,1.19,93,75,1.03,CA,1731958974
456,lerwick,60.1545,-1.1494,3.32,59,32,6.3,GB,1731959082
457,altamira,-3.2033,-52.2064,34.05,52,40,1.03,BR,1731959083
458,saipan,15.1355,145.701,26.47,83,20,5.14,MP,1731959084
459,chibougamau,49.9168,-74.3659,2.79,100,100,2.06,CA,1731959085
460,viedma,-40.8135,-62.9967,18.15,36,0,8.06,AR,1731959086
461,lobito,-12.3481,13.5456,25.43,86,97,3.36,AO,1731959087
462,jiaozhou,36.2839,120.0033,3.77,51,100,1.78,CN,1731959089
463,geraldton,-28.7667,114.6,20.23,94,100,6.03,AU,1731959090
464,ambanja,-13.6833,48.45,25.0,85,50,0.37,MG,1731959091
465,kabansk,52.0486,106.6528,-7.23,84,3,2.54,RU,1731959092
466,zeya,53.75,127.2667,-20.38,99,12,1.02,RU,1731959093
467,karaton,-6.3424,106.1045,22.91,99,100,1.25,ID,1731959094
468,blagoevgrad,42.0167,23.1,3.5,89,66,0.57,BG,1731959096
469,babayevo,59.3936,35.9371,1.17,83,67,4.71,RU,1731959097
470,toledo,39.8333,-4.0,13.28,80,14,2.03,ES,1731959098
471,peace river,56.2501,-117.286,-7.83,86,100,3.09,CA,1731959099
472,mishelevka,52.8575,103.1719,-8.94,94,45,1.27,RU,1731959100
473,general conesa,-40.1,-64.4333,24.04,18,52,8.76,AR,1731959101
474,cherrapunji,25.3,91.7,11.0,38,0,2.71,IN,1731959102
475,guymon,36.6828,-101.4816,7.0,93,100,5.66,US,1731959103
476,bargaal,11.2864,51.0773,25.13,72,95,4.05,SO,1731959105
477,inhuma,-6.6683,-41.7078,36.47,19,86,2.87,BR,1731959106
478,taquaritinga do norte,-7.9031,-36.0442,27.08,45,11,6.05,BR,1731959107
479,erenhot,43.6475,111.9767,-0.89,44,97,3.63,CN,1731959108
480,ad-damazin,11.7891,34.3592,29.07,36,0,2.05,SD,1731959109
481,solnechnyy,50.7214,136.6319,-10.77,43,2,1.83,RU,1731959110
482,khovd,48.0056,91.6419,-5.2,42,95,0.23,MN,1731959111
483,arcos,-20.2819,-45.5394,26.05,66,23,2.7,BR,1731959113
484,ciudad melchor muzquiz,27.8833,-101.5167,24.95,12,0,8.83,MX,1731959114
485,port-gentil,-0.7193,8.7815,26.98,89,75,3.6,GA,1731959115
486,rizokarpaso,35.6,34.375,18.08,71,7,4.69,CY,1731959116
487,bozkurt,41.9577,34.0109,11.33,86,92,1.02,TR,1731959117
488,saldanha,-33.0117,17.9442,16.03,86,0,8.35,ZA,1731959118
489,taulaga,-11.0553,-171.0883,28.12,77,85,7.91,AS,1731959119
490,saint-mandrier-sur-mer,43.078,5.929,12.71,62,59,1.79,FR,1731959121
491,kurumkan,54.3,110.3,-10.51,91,61,0.5,RU,1731959122
492,ornskoldsvik,63.2909,18.7153,-2.47,86,100,2.57,SE,1731959123
493,muli,2.9167,73.5667,26.97,80,93,5.44,MV,1731959124
494,valavanur,11.9209,79.5824,23.6,81,93,3.62,IN,1731959126
495,tsengel,49.4783,100.8894,-9.14,61,1,2.36,MN,1731959127
496,xichang,27.8964,102.2634,9.22,86,2,0.58,CN,1731959129
497,rio gallegos,-51.6226,-69.2181,16.03,44,40,5.14,AR,1731959130
498,nadym,65.5333,72.5167,-19.13,100,86,2.18,RU,1731959132
499,khanpur,28.6453,70.6567,19.62,29,0,2.15,PK,1731959133
500,malvan,16.0667,73.4667,24.8,43,48,2.94,IN,1731959134
501,kattivakkam,13.2167,80.3167,26.54,88,100,5.29,IN,1731959135
502,weatherford,32.7593,-97.7972,21.15,44,46,4.47,US,1731959136
503,aioun,16.6614,-9.6149,28.68,10,16,4.91,MR,1731959138
504,lhasa,29.65,91.1,1.63,43,3,0.64,CN,1731959139
505,klaksvik,62.2266,-6.589,2.59,56,100,9.9,FO,1731959140
506,san rafael del yuma,18.4299,-68.6739,29.11,62,53,4.56,DO,1731959141
507,meulaboh,4.1363,96.1285,25.03,90,100,1.8,ID,1731959142
508,piti village,13.4626,144.6933,26.25,87,0,3.6,GU,1731959143
509,palu,-0.8917,119.8707,24.1,97,99,1.26,ID,1731959144
510,kruhlaye,54.2466,29.7957,1.52,85,97,5.18,BY,1731959146
511,sarykemer,43.0,71.5,3.71,44,100,1.65,KZ,1731959147
512,guacamayas,18.0167,-102.2167,29.78,65,100,3.35,MX,1731959148
513,gebeit,21.0667,36.3167,20.33,77,0,5.96,SD,1731959149
514,tres palos,18.1833,-101.6167,30.4,53,93,2.07,MX,1731959150
515,vila franca do campo,37.7167,-25.4333,18.27,99,38,5.14,PT,1731959151
516,surab,28.4914,66.2585,10.92,37,0,3.2,PK,1731959153
517,aragarcas,-15.8975,-52.2508,32.36,55,40,2.57,BR,1731959154
518,manali,13.1667,80.2667,26.51,82,100,0.45,IN,1731959155
519,thouars,46.976,-0.2151,10.93,86,100,6.06,FR,1731959156
520,tralee,52.2704,-9.7026,11.47,91,100,6.87,IE,1731959157
521,galveston,29.3669,-94.9669,27.69,88,100,6.17,US,1731959158
522,molchanovo,57.5817,83.7692,-0.03,92,100,4.34,RU,1731959160
523,terrace,54.5163,-128.6035,0.95,100,75,2.57,CA,1731959161
524,riosucio,5.4216,-75.7032,19.62,94,97,1.14,CO,1731959162
525,tabou,4.423,-7.3528,26.07,83,10,2.34,CI,1731959163
526,aberdeen,57.1437,-2.0981,-1.74,89,12,1.03,GB,1731959164
527,lazaro cardenas,17.9583,-102.2,29.57,67,100,3.27,MX,1731959165
528,tamiahua,21.2667,-97.45,29.7,66,13,2.59,MX,1731959166
529,taksimo,56.3444,114.8794,-20.1,95,88,0.1,RU,1731959168
530,florence,43.7667,11.25,12.05,89,100,1.53,IT,1731959169
531,port saint john's,-31.6229,29.5448,21.38,91,100,5.38,ZA,1731959170
532,severnoye,56.3491,78.3619,-2.32,95,100,5.11,RU,1731959171
533,ujae,8.9322,165.7642,28.49,78,91,7.02,MH,1731959172
534,pasuquin,18.3328,120.6177,24.97,94,75,2.06,PH,1731959173
535,lerma,42.0261,-3.7598,10.74,72,83,1.45,ES,1731959174
536,mejit,10.2753,170.8646,27.62,78,100,5.05,MH,1731959176
537,guaruja,-23.9931,-46.2564,24.38,26,100,2.06,BR,1731959177
538,qusmuryn,52.4503,64.6311,-5.42,87,16,4.32,KZ,1731959178
539,dapa,9.7594,126.0531,26.65,85,89,5.02,PH,1731959179
540,loreto,22.2667,-101.9667,25.26,28,38,7.12,MX,1731959180
541,howard springs,-12.497,131.047,26.84,88,69,2.18,AU,1731959181
542,karlino,54.0351,15.8774,4.82,73,88,8.87,PL,1731959182
543,palmerston,-12.486,130.9833,26.95,86,100,1.03,AU,1731959184
544,plast,54.3691,60.8136,-0.41,89,63,4.53,RU,1731959185
545,at taj,24.2049,23.2857,16.66,45,43,4.45,LY,1731959187
546,kosonsoy,41.2561,71.5508,7.08,46,75,0.82,UZ,1731959188
547,san luis,-33.295,-66.3356,21.53,46,94,8.31,AR,1731959189
548,kui buri,12.0828,99.8543,24.17,81,80,2.39,TH,1731959191
549,santa cruz,-17.8,-63.1667,27.03,94,75,6.17,BO,1731959192
550,argo,37.6333,22.7333,13.38,75,0,0.72,GR,1731959193
551,irymple,-34.25,142.1667,10.61,70,0,4.82,AU,1731959195
